{
  "case_id": "case_004",
  "synthetic": true,
  "data_source": "SYNTHETIC",
  "warning": "This waveform is parametrically generated. It does not represent real patient data and must not be used for clinical purposes.",
  "signal": {
    "sampling_rate_hz": 500,
    "num_leads": 12,
    "signal_length_samples": 5000,
    "duration_seconds": 10.0,
    "heart_rate_bpm": 95.75219245106405,
    "leads": [
      "I",
      "II",
      "III",
      "aVR",
      "aVL",
      "aVF",
      "V1",
      "V2",
      "V3",
      "V4",
      "V5",
      "V6"
    ]
  },
  "distortion_variants": [
    "clean",
    "blur",
    "noise",
    "low_contrast",
    "rotation",
    "cropped"
  ],
  "generator": {
    "module": "tools.synthetic_benchmark.generate_cases",
    "seed": 46,
    "params": {
      "fs": 500,
      "duration_s": 10,
      "heart_rate_bpm": 95.75219245106405,
      "morphology_scales": {
        "I": 0.7463360759270459,
        "II": 1.0635418535511827,
        "III": 0.7731102893476798,
        "aVR": -0.6395829550263815,
        "aVL": 0.23397871477551063,
        "aVF": 0.9516919066911849,
        "V1": 0.6102286985897047,
        "V2": 0.7045774048412838,
        "V3": 1.1994030874650015,
        "V4": 1.4521965910424837,
        "V5": 1.1996586567323777,
        "V6": 1.0179620464812071
      }
    }
  }
}