{
  "case_id": "case_001",
  "synthetic": true,
  "data_source": "SYNTHETIC",
  "warning": "This waveform is parametrically generated. It does not represent real patient data and must not be used for clinical purposes.",
  "signal": {
    "sampling_rate_hz": 500,
    "num_leads": 12,
    "signal_length_samples": 5000,
    "duration_seconds": 10.0,
    "heart_rate_bpm": 84.35346682154098,
    "leads": [
      "I",
      "II",
      "III",
      "aVR",
      "aVL",
      "aVF",
      "V1",
      "V2",
      "V3",
      "V4",
      "V5",
      "V6"
    ]
  },
  "distortion_variants": [
    "clean",
    "blur",
    "noise",
    "low_contrast",
    "rotation",
    "cropped"
  ],
  "generator": {
    "module": "tools.synthetic_benchmark.generate_cases",
    "seed": 43,
    "params": {
      "fs": 500,
      "duration_s": 10,
      "heart_rate_bpm": 84.35346682154098,
      "morphology_scales": {
        "I": 0.726265194183398,
        "II": 0.9120177521245302,
        "III": 0.9035275495066181,
        "aVR": -0.8477141714471649,
        "aVL": 0.28988209208144977,
        "aVF": 1.0007169087274463,
        "V1": 0.4054768789913499,
        "V2": 0.6679911638865073,
        "V3": 1.0804125548004435,
        "V4": 1.482125831688495,
        "V5": 1.3567606676732171,
        "V6": 0.8114532102075774
      }
    }
  }
}