{
  "case_id": "case_000",
  "synthetic": true,
  "data_source": "SYNTHETIC",
  "warning": "This waveform is parametrically generated. It does not represent real patient data and must not be used for clinical purposes.",
  "signal": {
    "sampling_rate_hz": 500,
    "num_leads": 12,
    "signal_length_samples": 5000,
    "duration_seconds": 10.0,
    "heart_rate_bpm": 89.82802218501834,
    "leads": [
      "I",
      "II",
      "III",
      "aVR",
      "aVL",
      "aVF",
      "V1",
      "V2",
      "V3",
      "V4",
      "V5",
      "V6"
    ]
  },
  "distortion_variants": [
    "clean",
    "blur",
    "noise",
    "low_contrast",
    "rotation",
    "cropped"
  ],
  "generator": {
    "module": "tools.synthetic_benchmark.generate_cases",
    "seed": 42,
    "params": {
      "fs": 500,
      "duration_s": 10,
      "heart_rate_bpm": 89.82802218501834,
      "morphology_scales": {
        "I": 0.9633270638512315,
        "II": 1.4151587519468296,
        "III": 0.8184208174356183,
        "aVR": -1.1434935912674102,
        "aVL": 0.5902489406547023,
        "aVF": 1.0044558807961412,
        "V1": 0.6144257221107815,
        "V2": 0.5512454530702183,
        "V3": 1.080154375158227,
        "V4": 1.2483192096930327,
        "V5": 1.3707059955394407,
        "V6": 0.9575460480322658
      }
    }
  }
}